{
    "ARD": {
        "cantidad": {
            "pagina": 0,
            "coordenadas": [
                316.5447219983884,
                193.89236031927024,
                342.4438356164384,
                203.0110604332953
            ]
        },
        "tipo": {
            "pagina": 0,
            "coordenadas": [
                112.22949234488317,
                192.45256556442416,
                212.94826752618857,
                201.09133409350056
            ]
        },
        "unidad": {
            "pagina": 0,
            "coordenadas": [
                451.31603545527804,
                192.93249714937286,
                471.93940370668815,
                203.9709236031927
            ]
        },
        "fecha": {
            "pagina": 0,
            "coordenadas": [
                199.51909750201452,
                143.49954389965794,
                246.04157937147463,
                152.618244013683
            ]
        },
        "placa del vehiculo": {
            "pagina": 0,
            "coordenadas": [
                218.22401289282837,
                473.2125427594071,
                248.91925866236906,
                481.3713797035348
            ]
        },
        "n manifiesto": {
            "pagina": 0,
            "coordenadas": [
                329.0146655922643,
                652.227023945268,
                362.5875906526995,
                661.345724059293
            ]
        }
    },
    "ARD_JACANA": {
        "fecha": {
            "pagina": 0,
            "coordenadas": [
                202.87639000805802,
                144.4594070695553,
                243.64351329572926,
                153.09817559863168
            ]
        },
        "cantidad": {
            "pagina": 0,
            "coordenadas": [
                311.7485898468977,
                191.01277080957811,
                350.5972602739726,
                300.9171037628278
            ]
        },
        "unidad": {
            "pagina": 0,
            "coordenadas": [
                446.99951651893633,
                193.41242873432154,
                476.73553585817893,
                299.9572405929304
            ]
        },
        "tipo": {
            "pagina": 0,
            "coordenadas": [
                112.70910556003224,
                190.05290763968074,
                214.3871071716358,
                203.0110604332953
            ]
        },
        "placa del vehiculo": {
            "pagina": 0,
            "coordenadas": [
                221.58130539887188,
                472.2526795895097,
                249.8784850926672,
                481.3713797035348
            ]
        },
        "manifiesto": {
            "pagina": 1,
            "coordenadas": [
                463.90273865414713,
                119.50513432835821,
                530.1060250391237,
                137.7428656716418
            ]
        },
        "manifiesto2": {
            "pagina": 0,
            "coordenadas": [
                329.0146655922643,
                652.7069555302166,
                362.5875906526995,
                662.3055872291905
            ]
        }
    },
    "ARD_JACANAB": {
        "fecha": {
            "pagina": 0,
            "coordenadas": [
                204.31522965350524,
                143.9794754846066,
                242.20467365028205,
                152.1383124287343
            ]
        },
        "placa del vehiculo": {
            "pagina": 0,
            "coordenadas": [
                227.81627719580985,
                473.2125427594071,
                252.75616438356164,
                481.8513112884835
            ]
        },
        "manifiesto": {
            "pagina": 1,
            "coordenadas": [
                468.38056426332287,
                125.22064631956913,
                542.7647727272728,
                146.8104129263914
            ]
        }
    }
}